{"cameraMode":{"drawMode":0,"name":"Shaded","section":"Shading Mode"},"sceneLighting":false,"audioPlay":false,"sceneViewState":{"m_AlwaysRefresh":false,"showFog":true,"showSkybox":false,"showFlares":true,"showImageEffects":true,"showParticleSystems":true,"showVisualEffectGraphs":true,"m_FxEnabled":true},"in2DMode":false,"pivot":{"x":0.0003085136413574219,"y":31.500307083129884,"z":0.05174899101257324},"rotation":{"x":0.10573381930589676,"y":-0.22482943534851075,"z":0.024379832670092584,"w":0.9683986902236939},"size":4.8526458740234379,"orthographic":false}