{"cameraMode":{"drawMode":0,"name":"Shaded","section":"Shading Mode"},"sceneLighting":true,"audioPlay":false,"sceneViewState":{"m_AlwaysRefresh":false,"showFog":true,"showSkybox":true,"showFlares":true,"showImageEffects":true,"showParticleSystems":true,"showVisualEffectGraphs":true,"m_FxEnabled":true},"in2DMode":false,"pivot":{"x":25.50701904296875,"y":19.050750732421876,"z":51.21022415161133},"rotation":{"x":0.12133937329053879,"y":-0.1733824908733368,"z":-0.022556858137249948,"w":0.9772189259529114},"size":10.726593971252442,"orthographic":false}