{"cameraMode":{"drawMode":0,"name":"Shaded","section":"Shading Mode"},"sceneLighting":false,"audioPlay":false,"sceneViewState":{"m_AlwaysRefresh":false,"showFog":true,"showSkybox":false,"showFlares":true,"showImageEffects":true,"showParticleSystems":true,"showVisualEffectGraphs":true,"m_FxEnabled":true},"in2DMode":false,"pivot":{"x":0.9288787841796875,"y":3.5515589714050295,"z":-0.7087440490722656},"rotation":{"x":0.14240749180316926,"y":-0.4854881167411804,"z":0.08048063516616821,"w":0.8588366508483887},"size":26.792207717895509,"orthographic":false}