{"cameraMode":{"drawMode":0,"name":"Shaded","section":"Shading Mode"},"sceneLighting":false,"audioPlay":false,"sceneViewState":{"m_AlwaysRefresh":false,"showFog":true,"showSkybox":false,"showFlares":true,"showImageEffects":true,"showParticleSystems":true,"showVisualEffectGraphs":true,"m_FxEnabled":true},"in2DMode":false,"pivot":{"x":0.06923151016235352,"y":29.844650268554689,"z":0.04343616962432861},"rotation":{"x":0.018926158547401429,"y":-0.588617205619812,"z":0.03967459872364998,"w":-0.8073179721832275},"size":1.0726799964904786,"orthographic":false}