{"cameraMode":{"drawMode":0,"name":"Shaded","section":"Shading Mode"},"sceneLighting":false,"audioPlay":false,"sceneViewState":{"m_AlwaysRefresh":false,"showFog":true,"showSkybox":false,"showFlares":true,"showImageEffects":true,"showParticleSystems":true,"showVisualEffectGraphs":true,"m_FxEnabled":true},"in2DMode":false,"pivot":{"x":-3.3827009201049806,"y":31.058292388916017,"z":-0.5273205041885376},"rotation":{"x":0.1279507726430893,"y":0.7275004386901856,"z":-0.21294976770877839,"w":0.6397254467010498},"size":0.8660253882408142,"orthographic":false}