{"cameraMode":{"drawMode":0,"name":"Shaded","section":"Shading Mode"},"sceneLighting":false,"audioPlay":false,"sceneViewState":{"m_AlwaysRefresh":false,"showFog":true,"showSkybox":false,"showFlares":true,"showImageEffects":true,"showParticleSystems":true,"showVisualEffectGraphs":true,"m_FxEnabled":true},"in2DMode":false,"pivot":{"x":-0.10675811767578125,"y":30.020313262939454,"z":-1.014979362487793},"rotation":{"x":0.08082987368106842,"y":0.7534006834030151,"z":-0.1647167056798935,"w":0.6316338181495667},"size":0.8660253882408142,"orthographic":false}